"V1";"V2";"V3";"V4";"V5";"V6";"V7";"V8";"V9";"V10";"V11";"V12";"V13";"V14";"V15";"V16";"V17";"V18";"V19";"V20";"V21";"V22";"V23";"V24";"V25";"V26";"V27";"V28";"V29";"V30";"V31";"V32";"V33";"V34"
"1";1;0.445889767794019;0.741661168607953;0.856196173632755;0.596578357857153;0.722408640817844;0.333754806068381;0.881556283660787;0.687974770521483;0.61742553167053;0.54806226331565;0.762789792250198;0.562171680340988;0.599556393246136;0.51122734193789;0.526620058078008;0.814529793293237;0.886971506417166;0.770517175281919;0.124128103669383;0.173015279768968;0.420862961628683;0.174829335374034;0;0.0202288987209303;0.931319789720781;0.42732216772872;0.376869889327385;0.411854359572848;0.289652215444313;0.256463309242921;0.926475172926309;0.827987119213145;0.983275050361899
"2";0;1;0.716594885582335;0.471506303146669;0.921285781197617;0.760132015049073;0.58577123900023;0.443014226680409;0.806453254126604;0.915614877944624;0.972962694747699;0.6685057773509;0.90581109005773;0.860504668726062;0.779079926123214;0.594657222950003;0.623818049650486;0.425450494713409;0.667365091115613;0.459362987444663;0.363955657661357;0.997346628369388;0.771860951051306;0.0390961394197007;0.0919162121667506;0.293529339723427;0.842231086634674;0.902231043048204;0.745305222171158;0.764721591584828;0.452763030284143;0.281608102196167;0.582360503790096;0.0846765625541516
"3";0.540392516986095;0.81493735513422;1;0.960924884498904;0.952459247177661;0.998496926178989;0.43951849320366;0.939037139289918;0.993007802017914;0.957084317586882;0.903056272908588;0.900244717111139;0.833988210648478;0.841288650784184;0.696914716086665;0.604833970901202;0.966580634359149;0.893164932192077;0.997967835562529;0.22234219664975;0.215420661098303;0.783005826469314;0.427010124426548;0;0.0179502402801275;0.867765065021748;0.657892956424012;0.652645308782844;0.58807532854385;0.49765707683253;0.315641360531022;0.879806259233839;0.976330272017742;0.711602717788482
"4";0.782160242637011;0.703856394886988;0.968249554452473;1;0.865167683413777;0.956665451335871;0.413717927290156;0.993646661300129;0.93676221835759;0.876332671145625;0.807335849924035;0.901748597845655;0.765475089228844;0.786976550221235;0.654044481954245;0.602066912689141;0.974785633958631;0.960166527153642;0.980900036529253;0.188637169378701;0.205198092265942;0.671585569074372;0.336727465324762;0;0.0190842807231808;0.970056083468174;0.592069688203641;0.566656993689074;0.54109892332323;0.430780378360404;0.302991179624334;0.980396671403076;0.991050186133217;0.89056229812957
"5";0.175461232981193;0.933058778406807;0.936660014543892;0.782814044371251;1;0.955711399643688;0.469627996136857;0.74797131759227;0.975409912048046;0.997222755239541;0.982601587659606;0.825774530092539;0.890866378371978;0.873979326550882;0.732080523341744;0.584162593640961;0.856816056658709;0.701915651598326;0.91002342520996;0.2743487524675;0.230568380978196;0.907687981301578;0.554530196266237;0;0.0170096222929087;0.615603711100177;0.734712728215556;0.761138202239146;0.641301668224344;0.589740423754547;0.33122783047825;0.619999034083981;0.846441603962416;0.379578859681647
"6";0.486455232799155;0.835773337295969;0.998412037399078;0.943738320842268;0.964941603830914;1;0.452956215694574;0.921744458207874;0.99735410413398;0.969762308834603;0.920758004851867;0.903419968355951;0.852438769499908;0.857554401701345;0.713646079430692;0.615210984643586;0.962384442853556;0.878295557949612;0.993344929428331;0.232544108826918;0.222985245675437;0.804597535150592;0.444680461372489;0;0.0185638049710585;0.841452597171149;0.677908911683236;0.674540783880282;0.605572154837772;0.516619593348381;0.32550129941359;0.850622329222823;0.967909165745979;0.670202417014254
"7";0;0.664810075208727;0.338121497789106;0.20586074282675;0.501116478496057;0.379068706147329;1;0.241412345158852;0.399899332081201;0.534395613934495;0.627356648718717;0.597329727377935;0.804777029630224;0.796854610440683;0.923140405864524;0.921563394573134;0.40652530516306;0.328027193436747;0.314338526093267;0.867113396079695;0.93706605521144;0.693757501315604;0.709476749057374;0.496687932132893;0.670504761312285;0.175475158618966;0.937070183541813;0.88863809243459;0.975614803583488;0.942383333253916;0.983518929546978;0.125013781483417;0.324113744353088;0.0596459830733842
"8";0.816526371827694;0.680291821400046;0.949461218291073;0.993523593947504;0.839938866400164;0.938490340579437;0.43736131245379;1;0.914679693670499;0.857247338084146;0.789183750093529;0.925059513289144;0.771890204119711;0.799575651979865;0.676043282788506;0.639947130789118;0.982084581545422;0.984583999248842;0.965474568089084;0.191809670968911;0.22201202567482;0.649353748321005;0.316010847640841;0;0.0223861479395054;0.987894127070586;0.602608023380993;0.564810532830484;0.559954055126601;0.434593518079137;0.326070927725642;0.98744178738895;0.991076353290787;0.921619918144974
"9";0.408492205334329;0.861844091314947;0.992249243359288;0.914069679738947;0.979599823722963;0.997223468846377;0.451271013038806;0.886453558560639;1;0.981403110416514;0.938770824516187;0.884114958546915;0.859714733248895;0.85911976259221;0.713111362527309;0.60140572671931;0.941174181700968;0.838418300818257;0.981985296220496;0.240003688590508;0.220840054692079;0.831371623129479;0.47170484228367;0;0.0175721437878312;0.792162980865923;0.68732859012264;0.692649699765744;0.608866165664215;0.530409886393355;0.321713472211572;0.802572013462514;0.945095688000163;0.60211458932436
"10";0.198420114986921;0.927241207168227;0.942016119544767;0.797758172010293;0.997184213177151;0.961263177873604;0.498700113901962;0.771568800748375;0.977271885701436;1;0.984451751198722;0.862103220997581;0.913160763254823;0.901613364201117;0.764833267518892;0.626490005434143;0.882035134147096;0.737014964859576;0.918298550237056;0.281752862773687;0.249201862796806;0.9022403606427;0.541157322917688;0;0.0198778511177666;0.644717708332165;0.757259481969058;0.772279618590223;0.669577514094027;0.603113169319138;0.356968728096735;0.64236620593362;0.86635533907253;0.410062817563225
"11";0.0381593691619945;0.97218622624703;0.84509772443459;0.634944928206722;0.978904150118461;0.879567170618345;0.530135228681947;0.609571754179786;0.91098889653602;0.981402650165166;1;0.792679607943903;0.93608717320848;0.909890650836235;0.789107534526525;0.620637917377497;0.772956786491378;0.587731533044785;0.806797539750509;0.32227307981759;0.26994620404317;0.955252314154664;0.611657942577021;0;0.0211991508498344;0.457809676726251;0.808128920562006;0.838340265459092;0.710829815300671;0.667559063508313;0.379828033122617;0.445500295888233;0.738045056466387;0.208985106221422
"12";0.49077184898008;0.734067758146007;0.877156752229838;0.851921803373153;0.838046428930492;0.887212751479708;0.598042232479617;0.888762342520176;0.870940398959176;0.873612511432274;0.839592940402974;1;0.901588277271695;0.933672268826708;0.846129272715952;0.818271276897065;0.96134971791866;0.935621283353347;0.882573453991561;0.266278085680492;0.326582365782984;0.711602447783233;0.357226169179692;0;0.038060487063995;0.842204450322225;0.758854129584375;0.692984119182544;0.728151342621226;0.564313144723156;0.464261912861836;0.797250824639189;0.923077095747007;0.694172477883228
"13";0.00550119311150417;0.88492731364014;0.691829961450931;0.491349760717604;0.843888980623743;0.738220165724063;0.704461435681222;0.511560614120004;0.761609843033303;0.877081314417957;0.92392425580991;0.848278422192295;1;0.993041175256078;0.941579825848152;0.821003281079229;0.721082242480944;0.564357905844186;0.6588885454208;0.3845516977009;0.39558330823774;0.880368990710754;0.542821947626694;0;0.0427985841825853;0.377573763242995;0.924033535898538;0.893909976576519;0.866213910922543;0.756742567550315;0.542380923206964;0.326943206769231;0.641308152739327;0.144925558897502
"14";0.0475548138153122;0.840419853251003;0.722006923850282;0.558470619291801;0.831040611321008;0.761973664111818;0.710775794168849;0.589286429079331;0.774889125512857;0.869468209135625;0.899525902246887;0.903604341116534;0.993483284685655;1;0.949454072091933;0.861094368933345;0.779231363398869;0.653561292414447;0.698313669996942;0.364810480222847;0.401361367346663;0.83256231884937;0.486440780088538;0;0.045715530528479;0.471239991232836;0.906363023311181;0.856248975842124;0.861975420552405;0.724846781226322;0.553308728616963;0.413615873507841;0.701050031335582;0.238077178648849
"15";0;0.745088349468766;0.484530281366243;0.32046034563285;0.642301972644539;0.532436797388998;0.887216742943906;0.365259972788134;0.550392142753352;0.688625592490077;0.762909486444732;0.77617468897332;0.944520727562233;0.948784634693065;1;0.956630394613961;0.57401866293652;0.464615346699749;0.458482256425347;0.550926623402912;0.627235369517046;0.757691042131697;0.542206735747632;0.0543914083418101;0.193495797106088;0.268031525347131;0.96988574251866;0.898795420143282;0.970435832614642;0.845973197825875;0.768241820054756;0.202898133640661;0.474367272982114;0.0911798233121083
"16";0;0.522501660326614;0.330849437974765;0.222796839803601;0.439992011475773;0.372013597860611;0.880615265306708;0.28904022007865;0.375816715224955;0.498804456516337;0.562873141229902;0.727363935923643;0.823447535535639;0.854070896300902;0.954971589294626;1;0.480609938835634;0.427756340528505;0.317815011651274;0.457641360262469;0.621193197430046;0.536033898664056;0.334580665945241;0.0225735227770763;0.165129615025924;0.226187894559029;0.871652953120503;0.744062589604785;0.919378504804984;0.72521170121312;0.779913979947655;0.148246438566677;0.370474621870219;0.0843511204562322
"17";0.659985294040792;0.749418026869629;0.966302033931353;0.968697666753493;0.891047154671601;0.964080997103873;0.498005414688738;0.978169986542711;0.94642202781158;0.911594616070067;0.855555129428512;0.968491147099276;0.849256171830514;0.873979552836891;0.751974570138424;0.702481222467618;1;0.974387288006588;0.974966979979512;0.227108487563389;0.257125537832643;0.719941160797721;0.364428060182061;0;0.026213416671699;0.939482997222271;0.680948905237906;0.641794042051517;0.633514204416871;0.501838958801866;0.373212039267945;0.927575178026364;0.994462638448616;0.820701633383669
"18";0.812274740039237;0.646625941731132;0.904740549625944;0.956386066221618;0.796086170384357;0.897079995652592;0.481858295491972;0.983430844821956;0.869326484596714;0.823142468548125;0.760815678727438;0.953606143361984;0.784919680679651;0.821213679528531;0.716036601193521;0.704061612967981;0.977406357072122;1;0.923740255469005;0.20146726964728;0.253995390833678;0.618696322221444;0.289612566853691;0;0.0286417695889483;0.982873058291453;0.626039100457093;0.568871335787418;0.596757536455881;0.447971137047338;0.369108397004472;0.962478410326589;0.971157765014537;0.925231393844435
"19";0.60353732645382;0.790332796193368;0.998055765464612;0.977488523579792;0.935224077543904;0.993972569730655;0.437594312278455;0.960102899361387;0.984445191878669;0.942012270153429;0.88365233268173;0.908699415386793;0.822822401811494;0.834287220943787;0.692392763239455;0.610905448682715;0.976242646293439;0.918043315782968;1;0.215344376775898;0.215423685612638;0.758124460826293;0.404726028180479;0;0.0185605200828287;0.900721885730851;0.646329974510894;0.634864274728268;0.581459506953213;0.484088038608572;0.316149931156558;0.911805687997437;0.987267376659056;0.762265605024657
"20";0;0.696712803980488;0.327403962025025;0.189545687419055;0.506717362805192;0.363930436215702;0.91229402427828;0.202208620934093;0.393816371320072;0.518368302792708;0.615378028710043;0.467641114345064;0.707940987980026;0.678024112512624;0.786040376125737;0.744701854553648;0.336162515148968;0.248048153069476;0.298668213289562;1;0.964746673130653;0.729920786802751;0.895110565982436;0.880776274667084;0.927812583586718;0.137898062810813;0.855512966081798;0.86905244413749;0.872469204839667;0.945577855794071;0.935747397963864;0.108279345274746;0.279348317349936;0.0428248009960214
"21";0;0.599561869230031;0.269298811973227;0.155637466923182;0.424038947383915;0.304186234238962;0.954297086152996;0.181295902628872;0.325814408494444;0.446962626194945;0.539294557261494;0.475502959971626;0.685916279400001;0.670413914545291;0.807304464886788;0.810875070625955;0.31492218014799;0.249033581902393;0.247183645970299;0.960943905286186;1;0.632583020152431;0.760837961896479;0.802552987229342;0.911553825813683;0.129364363019086;0.846089872694795;0.821093369086621;0.890311085637966;0.913429349024058;0.986791828579049;0.0912317010535261;0.248982587345642;0.0431446619043515
"22";0;0.997489476700661;0.68577959496345;0.44585249140716;0.897269416631813;0.730057506562673;0.638581768215806;0.421648502284167;0.776549887421434;0.892673620615767;0.958815066060306;0.658579030672701;0.907204286637872;0.861183388414213;0.800802275139762;0.625262047431126;0.601686085919492;0.411529986658223;0.637159967683854;0.534920966174438;0.435132134226307;1;0.822818981552406;0.0905392242615059;0.155373196365159;0.279279878271911;0.869565121404797;0.929014141709559;0.781761652120013;0.812739878449531;0.51622579729669;0.264789543107672;0.557151366318539;0.0806760982279311
"23";0;0.866109068678666;0.472963231064939;0.28478310083171;0.685609294186302;0.512424637333287;0.784219724032093;0.273279696171323;0.555685905379704;0.679584883911107;0.772743782811866;0.500484854566478;0.770280556444959;0.722209739749197;0.758410055062736;0.641943929163069;0.417111653301655;0.282792450968309;0.432066409536556;0.883607425134039;0.759993420842765;0.890995024767618;1;0.644017424703909;0.66003125026109;0.177968441239225;0.855914445577319;0.919771584119306;0.818628058019305;0.926366088875492;0.754715122185432;0.161809421571054;0.373778897613386;0.0507521750222045
"24";0;0.538131279074703;0.226348891128753;0.125032611117828;0.369843523839083;0.25380765931925;0.766330571290544;0.133869147462583;0.277897851975245;0.376386248968379;0.458485932989369;0.33280194478646;0.532407045806561;0.505767948840872;0.610896039093247;0.588259954661205;0.230487178006007;0.168224861079721;0.204337059705464;0.921957080679906;0.882105198636841;0.569446834205232;0.783489248086371;1;0.981199845729845;0.0901039135508927;0.678642617017182;0.696490620735931;0.702566821724163;0.79077165018625;0.819699929271659;0.0692780044669242;0.188832148797555;0.0276487131646361
"25";0;0.533060857724726;0.22155276727554;0.122849931206998;0.363284100597827;0.250313662772927;0.829619423872662;0.137896183920072;0.272281099553196;0.375687993639204;0.460199497359949;0.363629371220395;0.562475082915179;0.540704731020575;0.662483308206922;0.656329747878637;0.242097459881858;0.183832392559449;0.200870863355851;0.945248225835598;0.93933882735698;0.565495836702818;0.761736863808735;0.978090704413819;1;0.0953212903551093;0.719521293388495;0.72036874421899;0.755490767028181;0.822702306095099;0.88570148552095;0.0692494593619862;0.193399347990076;0.0304971869227626
"26";0.902562999045347;0.612259948057339;0.900056972435763;0.972324867540134;0.773320077906843;0.886167264564232;0.421754287828447;0.989027538195001;0.856916436951397;0.7941782384937;0.723852313335327;0.902991169151458;0.724268635269122;0.757989024256493;0.645817850310307;0.631118790298221;0.954862060722683;0.985555483127337;0.921820903476588;0.174925021977588;0.216835758746053;0.582786112048988;0.269750690476337;0;0.0233250769242147;1;0.563058459778325;0.515873515899373;0.531111519694095;0.398367878769559;0.318760838903516;0.994776387238869;0.963349150796087;0.973001469335316
"27";0;0.848332075176484;0.509713308303279;0.324358239750036;0.702751742808102;0.557700607029566;0.92352750276162;0.348342796007141;0.587524185057695;0.73117990936942;0.820402191641751;0.709818519261477;0.940408784472829;0.921574769595375;0.975179454303117;0.897568355561471;0.543887836555805;0.415128497064226;0.47563839097723;0.738883950447303;0.747814418849888;0.867764655868206;0.764264570190134;0.24089540313333;0.38936532600493;0.245398534758664;1;0.979801678985746;0.986838269618466;0.952610801741439;0.837486137337729;0.197161123284175;0.461359833710894;0.0788522518390625
"28";0;0.915547438945664;0.546174237425203;0.343342093122162;0.757748440919624;0.593315487352408;0.878529378802804;0.350248459130893;0.631233388134853;0.771994263454359;0.863794417892937;0.666457336895177;0.925057355544354;0.891404546320385;0.924766496006272;0.814216672984689;0.536011846935131;0.389947356522616;0.506226787011708;0.785517616454082;0.736156745018844;0.935315337978052;0.880357558168901;0.326280373515105;0.440727038545629;0.23927664621754;0.981874869142664;1;0.948540477243368;0.968695231416229;0.799823040815977;0.204057810528473;0.467815593850612;0.0733303646000941
"29";0;0.762477173480189;0.433906377385861;0.273275345902642;0.611600202828991;0.47977481433015;0.971284764991958;0.307291674484823;0.503984208034389;0.646225574796275;0.737105906121339;0.683481344830136;0.898102264573345;0.887908121023915;0.976441465173106;0.937940152800858;0.495290741676278;0.391039412175284;0.405328385206264;0.775741043338152;0.824412487839371;0.785766200873304;0.714562703178855;0.300312690274265;0.471552841704153;0.220906370589799;0.987275932302174;0.944595258053412;1;0.949324929405927;0.907746045225846;0.167324602192489;0.407720271757727;0.0734031417027462
"30";0;0.827523348484411;0.442943065297404;0.269204683991586;0.644878684327643;0.486835155904721;0.947247026017446;0.283011032812061;0.520889611265735;0.660951172763406;0.760473761126116;0.59603929638116;0.85343102830542;0.822732412554866;0.903419553079481;0.831417816127848;0.451125928188733;0.333564168128875;0.408208942995145;0.924094102794555;0.891157357687166;0.855816285401707;0.907677116233829;0.577655852294595;0.684387137212565;0.194432646106469;0.964359553727145;0.973794893048831;0.960577782939797;1;0.916436142704432;0.158016895134194;0.382995350931743;0.0605340745536296
"31";0;0.608058529717189;0.285701071298162;0.16904241326516;0.439488164948836;0.322804680887912;0.985891902965045;0.201420386418455;0.342576661267751;0.468872483650972;0.560934795397553;0.528317303267369;0.732063311532288;0.722692938413125;0.862461670840797;0.874284935092661;0.348226823047168;0.281911302753894;0.264144141146675;0.916119498165729;0.984379602383583;0.639514477060974;0.714470839312673;0.653147037954784;0.805783916020996;0.146352060258667;0.884490277381423;0.841531003194623;0.932607110052672;0.921710597802664;1;0.101315023687554;0.273418583293638;0.0499610495874752
"32";0.900845446875788;0.621540399776887;0.913688913995711;0.982791035120002;0.786641475869807;0.898069232281769;0.396388174144667;0.989187282551122;0.870803161532737;0.802567691397201;0.729780428524504;0.880782334265537;0.710403717778583;0.739831503016443;0.620106316081109;0.594487477518359;0.948614454339614;0.969906738391148;0.934019570578909;0.16832630670673;0.199635551053938;0.590839402205778;0.278805778026717;0;0.02021693455654;0.995038288403713;0.545792075354716;0.508053214513349;0.508030192461864;0.387461390116949;0.29529074424241;1;0.964744100718457;0.96523249100306
"33";0.706689252362776;0.74102161248062;0.978044855027668;0.989771891538516;0.892218782088341;0.971809759553721;0.46025920475583;0.989995398515897;0.953979686480846;0.907612605519412;0.845553242711616;0.942158564044025;0.818576018039676;0.840712555423979;0.710899268874989;0.656329318261993;0.994908232408146;0.969924542352359;0.987659457337741;0.211622439260613;0.232859397854905;0.709859175287697;0.360178632418848;0;0.0225461894391625;0.954740326602945;0.64579937033395;0.615081417249909;0.594530534325117;0.474436847986621;0.34058893253693;0.954184855897484;1;0.848326722232005
"34";0.979946528632269;0.5147618771884;0.812936960988961;0.914595485390395;0.671669844982956;0.795782597404891;0.381028565095967;0.940093599434231;0.762007893907737;0.694345367622147;0.623722483643079;0.837857351499529;0.638629104092105;0.676731301528608;0.579767026216334;0.587551016604593;0.886115632957344;0.946804327307272;0.840113613872411;0.147429790268647;0.198052645423402;0.487835627967965;0.211036661533268;0;0.0227480249273239;0.97731260662402;0.491914209615065;0.43877093864955;0.471718104332644;0.339261218872288;0.292006560666803;0.969242189744392;0.895770542009986;1
